<?xml version='1.0' encoding='UTF-8' ?>
<timeLogEntries>
  <time id="1" path="/Non Project/PSP for Engineers/Program 1/Planning" start="@1745234810919" delta="51" />
  <time id="2" path="/Non Project/PSP for Engineers/Program 1/Planning" start="@1745241062024" delta="121" interrupt="4" comment="コーヒーブレイク" />
  <time id="3" path="/Non Project/PSP for Engineers/Program 1/Planning" start="@1745760938568" delta="10" />
  <time id="4" path="/Non Project/PSP for Engineers/Program 1/Design" start="@1745827338346" delta="47" />
  <time id="5" path="/Non Project/PSP for Engineers/Program 1/Code" start="@1745841536335" delta="18" />
  <time id="6" path="/Non Project/PSP for Engineers/Program 1/Code" start="@1745843933878" delta="56" />
  <time id="7" path="/Non Project/PSP for Engineers/Program 1/Code" start="@1745911484628" delta="11" />
  <time id="8" path="/Non Project/PSP for Engineers/Program 1/Compile" start="@1745912226541" delta="61" />
  <time id="9" path="/Non Project/PSP for Engineers/Program 1/Compile" start="@1745933976127" delta="5" />
  <time id="10" path="/Non Project/PSP for Engineers/Program 1/Test" start="@1745934319131" delta="13" />
  <time id="11" path="/Non Project/PSP for Engineers/Program 1/Postmortem" start="@1745935375277" delta="5" />
  <time id="12" path="/Non Project/PSP for Engineers/Program 1/Postmortem" start="@1746582490152" delta="1" />
  <time id="13" path="/Non Project/PSP for Engineers/Program 2/Planning" start="@1747145012654" delta="68" />
  <time id="14" path="/Non Project/PSP for Engineers/Program 2/Planning" start="@1747150194217" delta="3" />
  <time id="15" path="/Non Project/PSP for Engineers/Program 2/Design" start="@1747211499958" delta="23" />
  <time id="16" path="/Non Project/PSP for Engineers/Program 2/Code" start="@1747222075866" delta="11" />
  <time id="17" path="/Non Project/PSP for Engineers/Program 2/Code" start="@1747223322059" delta="126" interrupt="15" comment="糖分摂取" />
  <time id="18" path="/Non Project/PSP for Engineers/Program 2/Code" start="@1747232791299" delta="18" />
  <time id="19" path="/Non Project/PSP for Engineers/Program 2/Code" start="@1747310619101" delta="44" />
  <time id="20" path="/Non Project/PSP for Engineers/Program 2/Compile" start="@1747313286671" delta="7" />
  <time id="21" path="/Non Project/PSP for Engineers/Program 2/Test" start="@1747313884309" delta="40" interrupt="2" comment="お茶を取りに行った" />
  <time id="22" path="/Non Project/PSP for Engineers/Program 2/Postmortem" start="@1747317280419" delta="16" />
  <time id="23" path="/Non Project/PSP for Engineers/Program 2/Postmortem" start="@1747664183305" delta="37" interrupt="1" comment="親に呼ばれた" />
  <time id="24" path="/Non Project/PSP for Engineers/Program 2/Postmortem" start="@1748238955000" delta="8" />
  <time id="25" path="/Non Project/PSP for Engineers/Program 3/Planning" start="@1748495135728" delta="81" />
  <time id="26" path="/Non Project/PSP for Engineers/Program 3/Planning" start="@1748505076731" delta="49" />
  <time id="27" path="/Non Project/PSP for Engineers/Program 3/Planning" start="@1748509369485" delta="31" />
  <time id="28" path="/Non Project/PSP for Engineers/Program 3/Planning" start="@1748521972374" delta="16" />
  <time id="29" path="/Non Project/PSP for Engineers/Program 3/Planning" start="@1748689291314" delta="7" />
  <time id="30" path="/Non Project/PSP for Engineers/Program 3/Design" start="@1748862025254" delta="83" />
  <time id="31" path="/Non Project/PSP for Engineers/Program 3/Code" start="@1748867242000" delta="74" />
  <time id="32" path="/Non Project/PSP for Engineers/Program 3/Code" start="@1748937019012" delta="18" />
  <time id="33" path="/Non Project/PSP for Engineers/Program 3/Code" start="@1748956928870" delta="58" />
  <time id="34" path="/Non Project/PSP for Engineers/Program 3/Code" start="@1748996861210" delta="34" />
  <time id="35" path="/Non Project/PSP for Engineers/Program 3/Compile" start="@1748999240323" delta="1" />
  <time id="36" path="/Non Project/PSP for Engineers/Program 3/Test" start="@1748999316743" delta="70" />
</timeLogEntries>
