<?xml version='1.0' encoding='UTF-8' ?>
<timeLogEntries>
  <time id="4" path="/Non Project/PSP for Engineers/Program 1/Design" start="@1745827338346" delta="47" flag="A" />
  <time id="5" path="/Non Project/PSP for Engineers/Program 1/Code" start="@1745841536335" delta="18" flag="A" />
  <time id="6" path="/Non Project/PSP for Engineers/Program 1/Code" start="@1745843933878" delta="56" flag="A" />
  <time id="7" path="/Non Project/PSP for Engineers/Program 1/Code" start="@1745911484628" delta="11" flag="A" />
  <time id="8" path="/Non Project/PSP for Engineers/Program 1/Compile" start="@1745912226541" delta="61" flag="A" />
  <time id="9" path="/Non Project/PSP for Engineers/Program 1/Compile" start="@1745933976127" delta="5" flag="A" />
  <time id="10" path="/Non Project/PSP for Engineers/Program 1/Test" start="@1745934319131" delta="13" flag="A" />
  <time id="11" path="/Non Project/PSP for Engineers/Program 1/Postmortem" start="@1745935375277" delta="5" flag="A" />
</timeLogEntries>
